,#wt(ATARiS),#mut(ATARiS),pvalue(ATARiS),is_significant(ATARiS),wt_median(DEMETER2),wt_IQR(DEMETER2),mut_median(DEMETER2),mut_IQR(DEMETER2),#wt(CRISPR),#mut(CRISPR),pvalue(CRISPR),is_significant(CRISPR),intogen_gene_role,tcga_expression_in_50pc_tumor_samples,tcga_missense_mutation_frequency,tcga_nrSamplesInMutData
FGFR2_549,4,2,0.003267419,yes,-0.013082217,0.030943714,-0.389966705,0.032361044,5,0,NA,NA,"BRCA_Act,CH_Act,LUSC_Act,SG_Act,UCEC_Act",yes,0.02075472,530
TP53_220,4,2,0.040140901,yes,0.462496346,0.566044604,-0.417195447,0.060327988,3,1,NA,NA,"ACC_LoF,ALL_LoF,AML_LoF,AN_LoF,ANGS_LoF,BC_LoF,BLCA_LoF,BLY_LoF,BRCA_LoF,CESC_LoF,CH_LoF,CLL_LoF,CM_LoF,COREAD_LoF,DLBCL_LoF,ESCA_LoF,EWS_LoF,GBM_LoF,HC_LoF,HGG_LoF,HNSC_LoF,LEIS_LoF,LGG_LoF,LUAD_LoF,LUSC_LoF,LY_LoF,MBL_LoF,MESO_LoF,MM_LoF,NHLY_LoF,NSCLC_LoF,NSPH_LoF,OS_LoF,OV_LoF,PAAD_LoF,PAIS_LoF,PIA_LoF,PRAD_LoF,RCCC_LoF,RCH_LoF,RPC_LoF,S_LoF,SBCC_LoF,SCLC_LoF,SSCC_LoF,ST_LoF,THCA_LoF,THYM_LoF,UCEC_LoF,UCS_LoF,VV_LoF,WT_LoF",yes,0.011320755,530
KHK_141,6,2,0.158132335,no,0.063139855,0.187193953,0.024659536,0.009313028,6,1,NA,NA,,yes,0,530
GTF2I_440,7,2,0.166087412,no,0.017528398,0.300857534,-0.079244171,0.206192694,4,1,NA,NA,"AN_Act,THYM_Act",yes,0,530
FGFR2_252,4,2,0.217504211,no,-0.013082217,0.030943714,0.021338795,0.04907913,5,1,NA,NA,"BRCA_Act,CH_Act,LUSC_Act,SG_Act,UCEC_Act",yes,0.041509434,530
SRCAP_1765,5,2,0.315368801,no,-0.058687996,0.285462912,-0.208912424,0.064253258,2,2,0.489400786,no,,yes,0,530
SMAD6_342,9,2,0.358377852,no,0.04904684,0.128952129,-0.025573376,0.041848585,6,1,NA,NA,,yes,0,530
TP53_273,4,2,0.375975477,no,0.462496346,0.566044604,-0.069104768,0.408418667,3,2,0.329412515,no,"ACC_LoF,ALL_LoF,AML_LoF,AN_LoF,ANGS_LoF,BC_LoF,BLCA_LoF,BLY_LoF,BRCA_LoF,CESC_LoF,CH_LoF,CLL_LoF,CM_LoF,COREAD_LoF,DLBCL_LoF,ESCA_LoF,EWS_LoF,GBM_LoF,HC_LoF,HGG_LoF,HNSC_LoF,LEIS_LoF,LGG_LoF,LUAD_LoF,LUSC_LoF,LY_LoF,MBL_LoF,MESO_LoF,MM_LoF,NHLY_LoF,NSCLC_LoF,NSPH_LoF,OS_LoF,OV_LoF,PAAD_LoF,PAIS_LoF,PIA_LoF,PRAD_LoF,RCCC_LoF,RCH_LoF,RPC_LoF,S_LoF,SBCC_LoF,SCLC_LoF,SSCC_LoF,ST_LoF,THCA_LoF,THYM_LoF,UCEC_LoF,UCS_LoF,VV_LoF,WT_LoF",yes,0.041509434,530
KRAS_12,7,3,0.380445304,no,-0.047790683,0.095344441,-0.019381122,0.240680511,3,2,0.455305674,no,"ALL_Act,AML_Act,AN_Act,BC_Act,BCNET_Act,BLCA_Act,BRCA_Act,CESC_Act,CH_Act,CLL_Act,CM_Act,COREAD_Act,DLBCL_Act,ESCA_Act,HC_Act,LUAD_Act,MGCT_Act,MM_Act,NSCLC_Act,OV_Act,PAAD_Act,PAIS_Act,PIA_Act,PRAD_Act,RPC_Act,ST_Act,THCA_Act,UCEC_Act,UCS_Act",yes,0.126415094,530
ADAMTS20_28,9,2,0.50615137,no,-0.006885943,0.128070621,-0.188569519,0.210362371,5,2,0.681274582,no,,yes,0,530
CTNND1_930,6,2,0.62018208,no,-0.060244972,0.347143418,0.148719916,0.133949535,3,2,0.091299346,no,,yes,0,530
SEZ6_306,4,2,0.675671935,no,-0.068623534,0.13626196,-0.088578646,0.082550054,5,1,NA,NA,,yes,0,530
KDM3B_6,7,2,0.714036456,no,-0.08040434,0.237139833,0.035150453,0.057397313,4,1,NA,NA,"MBL_ambiguous,PIA_ambiguous",yes,0,530
HHAT_70,9,2,0.719733617,no,-0.010703069,0.127552156,-0.032661643,0.052876175,4,2,0.515896855,no,,yes,0,530
COL6A1_840,4,2,0.872431547,no,0.004591171,0.283359407,0.048850922,0.050683699,3,1,NA,NA,,yes,0,530
CAPN1_146,6,2,0.898168946,no,-0.014571058,0.1026682,0.108980996,0.082197881,3,1,NA,NA,,yes,0,530
LLGL1_1029,10,2,0.953570661,no,-0.12259938,0.158911399,-0.038928131,0.04768687,5,2,0.620851685,no,,yes,0.001886792,530
VCAN_2379,4,2,0.96686538,no,-0.325706969,0.22605541,-0.196705511,0.159800973,4,1,NA,NA,,yes,0.001886792,530
KIF1C_261,5,2,0.991413679,no,-0.049170154,0.135098216,-0.02097834,0.010947888,3,2,0.311976774,no,,yes,0,530
